websites,country,category,cmp,smp,,,,,,,,,,,
0180.info,germany,Business,consentmanager.net,n/a,,,,0,,,,,,,
1-2-family.de,germany,n/a,Traffective GmbH,freechoice,,,,0,,,,,,,
24auto.de,germany,n/a,Traffective GmbH,freechoice,,,,0,,633,germany,,,,
24books.de,germany,n/a,Traffective GmbH,freechoice,,,,0,,26,austria,,,,
24garten.de,germany,Personal Sites,Traffective GmbH,freechoice,,,,0,,38,france,,,additive-manufacturing-industry.de,Business
24hamburg.de,germany,News,Traffective GmbH,freechoice,,,,0,,33,spain,,,aerokurier.de,Transportation
24rhein.de,germany,News,Traffective GmbH,freechoice,,,,0,,29,italy,,,aerotelegraph.com,Travel
24royal.de,germany,News,Traffective GmbH,freechoice,,,,0,,2,uk,,,aerztezeitung.de,Health & Medicine
24vita.de,germany,Health & Medicine,Traffective GmbH,freechoice,,,,0,,10,us,,,allesbeste.de,Education
50plus.de,germany,Shopping,consentmanager.net,contentpass,,,,0,,5,denmark,,,allgemeine-zeitung.de,News
750g.com,france,Restaurants & Dining,Didomi,n/a,,,,,,,,,,allocine.fr,Streaming Media & Downloads
abc.es,spain,News,Didomi,n/a,,,,0,,1,brazil,,,amandinecooking.com,Restaurants & Dining
abendzeitung-muenchen.de,germany,n/a,Traffective GmbH,n/a,,,,0,,2,antigua and barbuda,,,amica.it,Fashion & Beauty
abitare.it,italy,Business,RCS MediaGroup S.p.A.,n/a,,,,0,,,,,,analog-praxis.de,Shopping
achgut.com,united kingdom,n/a,Traffective GmbH,freechoice,,,,0,,,,,,androidnext.de,Computers & Technology
additive-manufacturing-industry.de,germany,Business,consentmanager.net,n/a,,,,0,,,,,,anime2you.de,Entertainment
aerokurier.de,germany,Transportation,"Sourcepoint Technologies, Inc.",n/a,,,,0,,,,,,ansa.it,News
aerotelegraph.com,united states,n/a,"Sourcepoint Technologies, Inc.",n/a,,,,0,,,,,,ansamed.info,News
aerztezeitung.de,germany,n/a,OneTrust LLC,contentpass,,,,0,,,,,,astroportal.com,Religion
all-about-industries.com,germany,n/a,consentmanager.net,contentpass,,,,,,,,,,atlantico.fr,News
all3dp.com,germany,Computers & Technology,iubenda,n/a,,,,,,,,,,aufunsere.art,Entertainment
alles-ueber-migraene.de,germany,Personal Sites,Traffective GmbH,freechoice,,,,,,,,,,auszeit.bio,Personal Sites
allgaeu-erleben.com,germany,Travel,Traffective GmbH,freechoice,,,,,,,,,,autlook.at,Business
allgaeuer-zeitung.de,germany,n/a,Usercentrics.com,n/a,,,,,,,,,,auto-motor-und-sport.de,Transportation
allgemeine-zeitung.de,germany,n/a,consentmanager.net,n/a,,,,,,,,,,autobild.de,Transportation
allocine.fr,france,Streaming Media & Downloads,Didomi,n/a,,,,,,,,,,autoflotte.de,Transportation
amandinecooking.com,france,n/a,Didomi,n/a,,,,,,,,,,autofrage.net,Transportation
amica.it,italy,Fashion & Beauty,RCS MediaGroup S.p.A.,n/a,,,210,,,,,,,autoguru.de,Transportation
analog-praxis.de,germany,n/a,consentmanager.net,contentpass,,,59,,,,,,,autohaus.de,Transportation
animalfunfacts.net,germany,n/a,consentmanager.net,contentpass,,,,,,,,,,automobil-industrie.vogel.de,Business
anime2you.de,germany,n/a,consentmanager.net,contentpass,,,,,,,,,,autoservice.co.at,Transportation
ansa.it,italy,News,iubenda,n/a,,,,,,,,,,autoservicepraxis.de,Transportation
ansamed.info,italy,n/a,iubenda,n/a,,,,,,,,,,backenmachtgluecklich.de,Restaurants & Dining
aquarienmagazin.com,germany,n/a,Papoo Software & Media GmbH,contentpass,,,,,,,,,,bahnblogstelle.com,Unknown
aquarium-ratgeber.com,germany,n/a,Papoo Software & Media GmbH,contentpass,,,,,,,,,,basic-tutorials.de,Computers & Technology
arbeitslosengeldrechner24.de,germany,Finance,Traffective GmbH,freechoice,,,,,,,,,,baugewerbe-magazin.de,News
ariva.de,germany,Finance,"Sourcepoint Technologies, Inc.",n/a,,,,,,,,,,bba-online.de,Computers & Technology
as.com,spain,n/a,Didomi,contentpass,,,,,,,,,,beauxarts.com,General
astroportal.com,austria,Religion,Ezoic,n/a,,,,,,,,,,bento.de,Entertainment
astrowoche.wunderweib.de,germany,Leisure & Recreation,"Sourcepoint Technologies, Inc.",n/a,,,,,,,,,,bigdata-insider.de,Business
atlantico.fr,france,News,iubenda,n/a,,,,,,,,,,bike-x.de,Transportation
augsburger-allgemeine.de,germany,News,Usercentrics.com,n/a,,,,,,,,,,bild.de,News
auszeit.bio,germany,n/a,"Sourcepoint Technologies, Inc.",contentpass,,,,,,,,,,blechnet.com,Business
autlook.at,austria,Business,consentmanager.net,contentpass,,,,,,,,,,boersennews.de,Finance
auto-motor-und-sport.de,germany,Transportation,"Sourcepoint Technologies, Inc.",n/a,,,,,,,,,,boomer.at,Unknown
autobild.de,germany,Transportation,Axel Springer Deutschland GmbH,n/a,,,,,,,,,,braunschweiger-zeitung.de,News
autobild.es,spain,n/a,"Sourcepoint Technologies, Inc.",contentpass,,,,,,,,,,bravo.de,Entertainment
autocad-magazin.de,germany,n/a,consentmanager.net,contentpass,,,,,,,,,,brigitte.de,Leisure & Recreation
autoflotte.de,germany,Transportation,Usercentrics.com,contentpass,,,,,,,,,,bz-berlin.de,News
autofrage.net,germany,n/a,consentmanager.net,contentpass,,,,,,,,,,calcionapoli1926.it,Sports
autoguru.de,germany,Transportation,"Sourcepoint Technologies, Inc.",contentpass,,,,,,,,,,caminteresse.fr,News
autohaus.de,germany,Transportation,Usercentrics.com,contentpass,,,,,,,,,,capital.de,Finance
automobil-industrie.vogel.de,germany,Business,consentmanager.net,contentpass,,,,,,,,,,capital.fr,News
autoservice.co.at,austria,Transportation,consentmanager.net,contentpass,,,,,,,,,,caravaning.de,Travel
autoservicepraxis.de,germany,Transportation,Usercentrics.com,contentpass,,,,,,,,,,cavallo.de,Business
autozeitung.de,germany,n/a,"Sourcepoint Technologies, Inc.",n/a,,,,,,,,,,cesoirtv.com,Entertainment
az-online.de,germany,Education,Traffective GmbH,freechoice,,,,,,,,,,chartsinfrance.net,Entertainment
babelli.de,germany,n/a,Traffective GmbH,freechoice,,,,,,,,,,cinefacts.de,Entertainment
baby-vornamen.de,germany,Education,Traffective GmbH,freechoice,,,,,,,,,,cittaceleste.it,Sports
backenmachtgluecklich.de,germany,Restaurants & Dining,"Sourcepoint Technologies, Inc.",contentpass,,,,,,,,,,climate-data.org,News
bafoeg-rechner.de,germany,Education,consentmanager.net,contentpass,,,,,,,,,,cloudcomputing-insider.de,Computers & Technology
bahnblogstelle.com,germany,n/a,consentmanager.net,contentpass,,,,,,,,,,cnv-medien.de,News
bau-welt.de,germany,Business,Traffective GmbH,freechoice,,,,,,,,,,computer-automation.de,Computers & Technology
bauen-aktuell.eu,germany,Computers & Technology,consentmanager.net,contentpass,,,,,,,,,,computerbase.de,Computers & Technology
baugewerbe-magazin.de,germany,News,consentmanager.net,n/a,,,,,,,,,,computerbild.de,Computers & Technology
bayreuther-tagblatt.de,germany,News,Traffective GmbH,freechoice,,,,,,,,,,computerfrage.net,Computers & Technology
bba-online.de,germany,Computers & Technology,consentmanager.net,contentpass,,,,,,,,,,connect-living.de,Shopping
beauxarts.com,france,General,Didomi,n/a,,,,,,,,,,connect-professional.de,Unknown
bebesymas.com,spain,Personal Sites,Didomi,contentpass,,,,,,,,,,connect.de,Computers & Technology
bedeutungonline.de,germany,Education,Traffective GmbH,freechoice,,,,,,,,,,corriere.it,News
bento.de,germany,Entertainment,"Sourcepoint Technologies, Inc.",n/a,,,,,,,,,,cosmopolitan.de,Leisure & Recreation
berlin-live.de,germany,Entertainment,consentmanager.net,contentpass,,,,,,,,,,das-pta-magazin.de,Health & Medicine
beste-freundin-gesucht.de,germany,n/a,Google LLC,n/a,,,,,,,,,,datacenter-insider.de,Computers & Technology
bgland24.de,germany,News,Traffective GmbH,freechoice,,,,,,,,,,derbyderbyderby.it,Sports
bigdata-insider.de,germany,Business,consentmanager.net,contentpass,,,,,,,,,,derstandard.at,News
bike-x.de,germany,Personal Sites,"Sourcepoint Technologies, Inc.",n/a,,,,,,,,,,derstandard.de,News
bikemarkt.mtb-news.de,germany,Sports,OneTrust LLC,contentpass,,,,,,,,,,derwesten.de,News
bild.de,germany,News,Axel Springer Deutschland GmbH,n/a,,,,,,,,,,desired.de,Shopping
bildderfrau.de,germany,Leisure & Recreation,consentmanager.net,contentpass,,,,,,,,,,dev-insider.de,Computers & Technology
blechnet.com,germany,Business,consentmanager.net,contentpass,,,,,,,,,,devicemed.de,Business
blinker.de,germany,Leisure & Recreation,Traffective GmbH,freechoice,,,,,,,,,,dieharke.de,News
boerse.de,germany,Finance,"Sourcepoint Technologies, Inc.",contentpass,,,,,,,,,,diestandard.at,News
boersen-zeitung.de,germany,n/a,Traffective GmbH,freechoice,,,,,,,,,,dino-online.de,Forums & Newsgroups
boersennews.de,germany,Finance,"Sourcepoint Technologies, Inc.",n/a,,,,,,,,,,dnn-online.de,News
boomer.at,switzerland,Personal Sites,consentmanager.net,contentpass,,,,,,,,,,dnn.de,News
boyens-medien.de,germany,n/a,Traffective GmbH,freechoice,,,,,,,,,,donnerwetter.de,News
branchen-info.net,germany,Education,Usercentrics.com,n/a,,,,,,,,,,dumontreise.de,Travel
braunschweiger-zeitung.de,germany,News,consentmanager.net,contentpass,,,,,,,,,,easyvoyage.com,Travel
bravo.de,germany,Entertainment,"Sourcepoint Technologies, Inc.",n/a,,,,,,,,,,eat.de,Computers & Technology
brigitte.de,germany,Leisure & Recreation,"Sourcepoint Technologies, Inc.",n/a,,,,,,,,,,echo-online.de,News
brokser-heiratsmarkt.de,germany,Search Engines & Portals,Traffective GmbH,freechoice,,,,,,,,,,egovernment-computing.de,Computers & Technology
buffed.de,germany,Games,"Sourcepoint Technologies, Inc.",n/a,,,,,,,,,,eklablog.com,Computers & Technology
buildingnet.de,germany,Unknown,consentmanager.net,contentpass,,,,,,,,,,ekladata.com,Computers & Technology
burgosconecta.es,eu #country is really world wide,n/a,Didomi,contentpass,,,,,,,,,,elektroniknet.de,Business
businessinsider.es,united states,Business,"Sourcepoint Technologies, Inc.",contentpass,,,,,,,,,,elektronikpraxis.de,News
buzzfeed.at,germany,Parked Domains,Traffective GmbH,freechoice,,,,,,,,,,elektropraxis.at,Business
buzzfeed.de,germany,News,Traffective GmbH,freechoice,,,,,,,,,,elektrotechnik.vogel.de,Business
bw24.de,germany,Entertainment,Traffective GmbH,freechoice,,,,,,,,,,eltern.de,Leisure & Recreation
bz-berlin.de,germany,News,Axel Springer Deutschland GmbH,n/a,,,,,,,,,,embedded-software-engineering.de,Computers & Technology
cadenadial.com,spain,Streaming Media & Downloads,Didomi,contentpass,,,,,,,,,,emtb-news.de,News
cadenaser.com,united states,News,Didomi,contentpass,,,,,,,,,,en.kunststoffe.de,Business
calcionapoli1926.it,italy,Sports,RCS MediaGroup S.p.A.,n/a,,,,,,,,,,entsorgen.org,Computers & Technology
calcolareonline.eu,germany,Games,Traffective GmbH,freechoice,,,,,,,,,,erbrecht-ratgeber.de,Business
caminteresse.fr,france,News,"Sourcepoint Technologies, Inc.",n/a,,,,,,,,,,erdbeerlounge.de,Leisure & Recreation
canarias7.es,eu # country is really world wide,News,Didomi,contentpass,,,,,,,,,,erneuerbareenergien.de,Business
capital.de,germany,n/a,"Sourcepoint Technologies, Inc.",n/a,,,,,,,,,,esports.com,Sports
capital.fr,france,n/a,"Sourcepoint Technologies, Inc.",n/a,,,,,,,,,,etmm-online.com,Entertainment
cavallo.de,germany,Business,"Sourcepoint Technologies, Inc.",n/a,,,,,,,,,,eurogamer.de,Games
cesoirtv.com,france,Entertainment,"Sourcepoint Technologies, Inc.",n/a,,,,,,,,,,europamester.dk,Sports
chartsinfrance.net,france,Entertainment,Didomi,n/a,,,,,,,,,,express.de,News
checkpoint-golf.com,germany,Business,consentmanager.net,contentpass,,,,,,,,,,factorynet.at,Business
chiemgau24.de,germany,News,Traffective GmbH,freechoice,,,,,,,,,,fahrschule-online.de,Transportation
christliche-partnersuche.de,germany,Shopping,consentmanager.net,contentpass,,,,,,,,,,falk.de,Education
cittaceleste.it,italy,Sports,RCS MediaGroup S.p.A.,n/a,,,,,,,,,,familie.de,Education
clima.com,redacted for privacy,Education,Didomi,contentpass,,,,,,,,,,farmeramania.de,Games
climadobrasil.com.br,brazil,Travel,Didomi,n/a,,,,,,,,,,faszination-fankurve.de,Sports
cloudcomputing-insider.de,germany,n/a,consentmanager.net,contentpass,,,,,,,,,,faz.de,News
cocoymaya.com,iceland,n/a,Didomi,contentpass,,,,,,,,,,faz.net,News
come-on-fc.com,germany,Unknown,Traffective GmbH,freechoice,,,,,,,,,,fcinter1908.it,Sports
come-on.de,germany,Search Engines & Portals,Traffective GmbH,freechoice,,,,,,,,,,femmeactuelle.fr,Leisure & Recreation
computer-automation.de,germany,n/a,consentmanager.net,contentpass,,,,,,,,,,finance-magazin.de,Finance
computerbase.de,germany,Computers & Technology,OneTrust LLC,n/a,,,,,,,,,,finanzfrage.net,Finance
computerbild.de,germany,Computers & Technology,Axel Springer Deutschland GmbH,n/a,,,,,,,,,,finanzmarktwelt.de,News
computerfrage.net,germany,n/a,consentmanager.net,contentpass,,,,,,,,,,firmenwagen.co.at,Computers & Technology
computerhoy.com,spain,Computers & Technology,"Sourcepoint Technologies, Inc.",contentpass,,,,,,,,,,flugrevue.de,Travel
connect-living.de,germany,n/a,consentmanager.net,contentpass,,,,,,,,,,fn.de,News
connect-professional.de,germany,Computers & Technology,consentmanager.net,contentpass,,,,,,,,,,form-werkzeug.de,Business
connect.de,germany,Computers & Technology,consentmanager.net,contentpass,,,,,,,,,,formel1.de,Sports
cooknsoul.de,germany,Travel,Traffective GmbH,freechoice,,,,,,,,,,forzaroma.info,News
corriere.it,italy,News,RCS MediaGroup S.p.A.,n/a,,,,,,,,,,fraenkische-rezepte.de,Restaurants & Dining
cosmopolitan.de,germany,Leisure & Recreation,"Sourcepoint Technologies, Inc.",n/a,,,,,,,,,,free-fonts.com,Computers & Technology
costanachrichten.com,spain,n/a,Traffective GmbH,freechoice,,,,,,,,,,freenet.de,Search Engines & Portals
das-pta-magazin.de,germany,n/a,OneTrust LLC,contentpass,,,,,,,,,,funandnews.de,News
dasgelbeblatt.de,germany,n/a,Traffective GmbH,freechoice,,,,,,,,,,funkschau.de,Computers & Technology
datacenter-insider.de,germany,Computers & Technology,consentmanager.net,contentpass,,,,,,,,,,fussballfieber.de,Shopping
decine21.com,spain,Entertainment,Traffective GmbH,freechoice,,,,,,,,,,gabler-banklexikon.de,Education
deichstube.de,germany,n/a,Traffective GmbH,freechoice,,,,,,,,,,gala.de,Fashion & Beauty
der-maschinenbau.de,germany,Computers & Technology,consentmanager.net,contentpass,,,,,,,,,,gala.fr,Entertainment
derbyderbyderby.it,italy,Sports,RCS MediaGroup S.p.A.,n/a,,,,,,,,,,gamestar.de,Games
derstandard.at,austria,News,"Sourcepoint Technologies, Inc.",n/a,,,,,,,,,,gamona.de,Games
derstandard.de,germany,n/a,"Sourcepoint Technologies, Inc.",n/a,,,,,,,,,,gartendialog.de,Computers & Technology
derwesten.de,germany,News,consentmanager.net,contentpass,,,,,,,,,,gartenjournal.net,Personal Sites
desired.de,germany,n/a,"Sourcepoint Technologies, Inc.",n/a,,,,,,,,,,gartenlexikon.de,Health & Medicine
deutsche-apotheker-zeitung.de,germany,n/a,consentmanager.net,n/a,,,,,,,,,,gastromand.dk,Restaurants & Dining
deutsche-startups.de,germany,Computers & Technology,"Sourcepoint Technologies, Inc.",contentpass,,,,,,,,,,gazzetta.it,News
deutschland-in-zahlen.de,germany,n/a,Traffective GmbH,n/a,,,,,,,,,,geb-info.de,Business
dev-insider.de,germany,Computers & Technology,consentmanager.net,contentpass,,,,,,,,,,gentside.com,Leisure & Recreation
devicemed.de,germany,Business,consentmanager.net,contentpass,,,,,,,,,,geo.de,Leisure & Recreation
dhf-magazin.com,germany,Travel,consentmanager.net,contentpass,,,,,,,,,,geo.fr,Leisure & Recreation
diariodelviajero.com,spain,Travel,Didomi,contentpass,,,,,,,,,,gesund-verlieben.de,Business
dieblaue24.com,germany,Business,Traffective GmbH,freechoice,,,,,,,,,,gesundheitsfrage.net,Health & Medicine
dieharke.de,germany,n/a,"Sourcepoint Technologies, Inc.",n/a,,,,,,,,,,gifhorner-rundschau.de,News
diestandard.at,austria,News,"Sourcepoint Technologies, Inc.",n/a,,,,,,,,,,giga.de,Computers & Technology
digital-engineering-magazin.de,germany,n/a,consentmanager.net,contentpass,,,,,,,,,,glaswelt.de,Business
digital-health-industry.de,germany,Health & Medicine,consentmanager.net,contentpass,,,,,,,,,,gnz.de,News
digital-manufacturing-magazin.de,germany,n/a,consentmanager.net,contentpass,,,,,,,,,,goettinger-tageblatt.de,News
digital-process-industry.de,germany,News,consentmanager.net,contentpass,,,,,,,,,,goquiz.dk,Entertainment
digitalbusiness-cloud.de,germany,n/a,consentmanager.net,contentpass,,,,,,,,,,goslarsche.de,News
digitalfernsehen.de,germany,News,"Sourcepoint Technologies, Inc.",contentpass,,,,,,,,,,gpsradler.de,Computers & Technology
dima-magazin.com,germany,Business,consentmanager.net,contentpass,,,,,,,,,,gutefrage.de,Computers & Technology
dispo.cc,france,Computers & Technology,consentmanager.net,contentpass,,,,,,,,,,gutefrage.net,Forums & Newsgroups
dnn.de,germany,News,"Sourcepoint Technologies, Inc.",n/a,,,,,,,,,,gutekueche.at,Search Engines & Portals
dogondo.de,germany,Unknown,consentmanager.net,contentpass,,,,,,,,,,gutekueche.de,Restaurants & Dining
doktordarm.de,germany,n/a,Traffective GmbH,freechoice,,,,,,,,,,hallo-eltern.de,Health & Medicine
donau-ries-aktuell.de,germany,News,Traffective GmbH,freechoice,,,,,,,,,,hanser-automotive.de,Business
donaukurier.de,germany,News,Traffective GmbH,freechoice,,,,,,,,,,harvardbusinessmanager.de,Business
donnerwetter.de,germany,News,consentmanager.net,n/a,,,,,,,,,,harzkurier.de,News
duden.de,germany,Education,"Sourcepoint Technologies, Inc.",n/a,,,,,,,,,,haus-garten-test.de,Computers & Technology
dumontreise.de,germany,Travel,"Sourcepoint Technologies, Inc.",contentpass,,,,,,,,,,hausgarten.net,Leisure & Recreation
e-automobile.info,germany,n/a,Traffective GmbH,freechoice,,,,,,,,,,haz.de,News
e-commerce-magazin.de,germany,n/a,consentmanager.net,contentpass,,,,,,,,,,hbold.dk,Sports
easyvoyage.com,france,n/a,Didomi,n/a,,,,,,,,,,healthcare-computing.de,Health & Medicine
eat.de,germany,Computers & Technology,consentmanager.net,contentpass,,,,,,,,,,heilpraxisnet.de,Health & Medicine
eatsmarter.de,germany,Restaurants & Dining,"Sourcepoint Technologies, Inc.",n/a,,,,,,,,,,heise.de,News
ebike-news.de,germany,News,Papoo Software & Media GmbH,contentpass,,,,,,,,,,helmstedter-nachrichten.de,News
echo-online.de,germany,News,consentmanager.net,n/a,,,,,,,,,,hildesheimer-allgemeine.de,News
echo24.de,germany,News,Traffective GmbH,freechoice,,,,,,,,,,hlk.co.at,Business
echtemamas.de,germany,Leisure & Recreation,"Sourcepoint Technologies, Inc.",n/a,,,,,,,,,,hockeymagasinet.dk,Sports
ecomento.de,germany,Transportation,"Sourcepoint Technologies, Inc.",contentpass,,,,,,,,,,hoerzu.de,Entertainment
egovernment.de,germany,Non-profits & NGOs,consentmanager.net,contentpass,,,,,,,,,,hortica.de,Unknown
einbuergerung.at,austria,Education,Traffective GmbH,freechoice,,,,,,,,,,huffingtonpost.fr,News
einbuergerungstest-online.de,germany,n/a,Traffective GmbH,freechoice,,,,,,,,,,huffingtonpost.it,News
einbuergerungstest-online.eu,antigua and barbuda,n/a,Traffective GmbH,freechoice,,,,,,,,,,huffpost.fr,News
einfachschoen.me,germany,n/a,consentmanager.net,contentpass,,,,,,,,,,iban-rechner.de,Finance
eklablog.com,france,n/a,Didomi,n/a,,,,,,,,,,ibancalculator.com,Finance
elbierzonoticias.com,spain,Business,Didomi,contentpass,,,,,,,,,,ilclubdellericette.it,Leisure & Recreation
elblogsalmon.com,iceland,Politics & Law,Didomi,contentpass,,,,,,,,,,ilmilanista.it,Sports
elektroauto-news.net,germany,Transportation,Papoo Software & Media GmbH,contentpass,,,,,,,,,,ilposticipo.it,Sports
elektroniknet.de,germany,Business,consentmanager.net,contentpass,,,,,,,,,,ilsecoloxix.it,News
elektronikpraxis.de,germany,News,consentmanager.net,contentpass,,,,,,,,,,ilsole24ore.com,News
elektropraxis.at,austria,n/a,consentmanager.net,contentpass,,,,,,,,,,impulse.de,Business
elektrotechnik.vogel.de,germany,Business,consentmanager.net,contentpass,,,,,,,,,,industrial-production.de,News
elle.de,germany,News,"Sourcepoint Technologies, Inc.",contentpass,,,,,,,,,,industriemagazin.at,News
ellviva.de,germany,n/a,Traffective GmbH,freechoice,,,,,,,,,,industry-of-things.de,Business
elpais.com,spain,News,Didomi,n/a,,,,,,,,,,infranken.de,News
eltern.de,germany,Leisure & Recreation,"Sourcepoint Technologies, Inc.",n/a,,,,,,,,,,inrlp.de,Personal Sites
elterngeld.de,germany,Search Engines & Portals,Traffective GmbH,freechoice,,,,,,,,,,inside-digital.de,Computers & Technology
eltiempo.es,eu #country is really world wide,News,Didomi,contentpass,,,,,,,,,,iodonna.it,News
embedded-software-engineering.de,germany,Computers & Technology,consentmanager.net,contentpass,,,,,,,,,,ip-insider.de,Computers & Technology
emprendedores.es,eu #country is really world wide,News,consentmanager.net,contentpass,,,,,,,,,,it-business.de,Computers & Technology
emtb-news.de,germany,News,OneTrust LLC,contentpass,,,,,,,,,,it-daily.net,Computers & Technology
en.kunststoffe.de,germany,Business,OneTrust LLC,contentpass,,,,,,,,,,itasportpress.it,Sports
entsorgen.org,switzerland,n/a,"Sourcepoint Technologies, Inc.",contentpass,,,,,,,,,,jeuxvideo.com,Forums & Newsgroups
entspannte-wechseljahre.de,germany,Computers & Technology,Traffective GmbH,freechoice,,,,,,,,,,juvenews.eu,Sports
erkaeltung-abwehren.de,germany,Computers & Technology,Traffective GmbH,freechoice,,,,,,,,,,karrierefragen.de,Education
erkaeltung-online.de,germany,n/a,Traffective GmbH,freechoice,,,,,,,,,,kicker.de,News
erklaer-es-oma.de,germany,Education,consentmanager.net,contentpass,,,,,,,,,,kino.de,Entertainment
erneuerbareenergien.de,germany,Business,"Sourcepoint Technologies, Inc.",n/a,,,,,,,,,,klack.de,Entertainment
esports.com,germany,Sports,Seven.One Entertainment Group GmbH,contentpass,,,,,,,,,,kn-online.de,News
esquire.de,germany,Business,"Sourcepoint Technologies, Inc.",contentpass,,,,,,,,,,korrekturen.de,Education
essen-und-trinken.de,germany,Restaurants & Dining,"Sourcepoint Technologies, Inc.",n/a,,,,,,,,,,krone.at,News
etfrechner24.de,germany,n/a,Traffective GmbH,freechoice,,,,,,,,,,ksta.de,News
etmm-online.com,germany,n/a,consentmanager.net,contentpass,,,,,,,,,,kunststoff-magazin.de,Business
eurogamer.de,germany,n/a,"Sourcepoint Technologies, Inc.",n/a,,,,,,,,,,kunststoffe.de,Business
europamester.dk,denmark,n/a,"Sourcepoint Technologies, Inc.",n/a,,,,,,,,,,kurier.at,News
eventfinder.de,germany,Computers & Technology,Traffective GmbH,freechoice,,,,,,,,,,lab-worldwide.com,Business
express.de,germany,News,"Sourcepoint Technologies, Inc.",n/a,,,,,,,,,,labo.de,Business
extratipp.com,germany,News,Traffective GmbH,freechoice,,,,,,,,,,laborpraxis.vogel.de,Business
extreme.pcgameshardware.de,germany,News,"Sourcepoint Technologies, Inc.",n/a,,,,,,,,,,lachainemeteo.com,News
factorynet.at,austria,n/a,consentmanager.net,contentpass,,,,,,,,,,landeszeitung.de,News
fahrschule-online.de,germany,Transportation,Usercentrics.com,contentpass,,,,,,,,,,lanline.de,Computers & Technology
falk.de,germany,Education,"Sourcepoint Technologies, Inc.",contentpass,,,,,,,,,,lastampa.it,News
familie.de,germany,n/a,"Sourcepoint Technologies, Inc.",n/a,,,,,,,,,,le10sport.com,Sports
faszination-fankurve.de,germany,Sports,"Sourcepoint Technologies, Inc.",contentpass,,,,,,,,,,leblogtvnews.com,Personal Sites
faz.de,germany,News,"Sourcepoint Technologies, Inc.",n/a,,,,,,,,,,lecker.de,Restaurants & Dining
fcbinside.de,germany,Sports,Traffective GmbH,freechoice,,,,,,,,,,leiweb.it,Entertainment
fcinter1908.it,italy,Sports,RCS MediaGroup S.p.A.,n/a,,,,,,,,,,lemonde.fr,News
fehmarn24.de,germany,News,Traffective GmbH,freechoice,,,,,,,,,,lepoint.fr,News
feiertage-deutschland.de,germany,n/a,Papoo Software & Media GmbH,contentpass,,,,,,,,,,lezappingdupaf.com,Entertainment
feiertage-ferien.ch,switzerland,n/a,Papoo Software & Media GmbH,n/a,,,,,,,,,,liberation.com,News
feiertage-oesterreich.at,austria,n/a,Papoo Software & Media GmbH,contentpass,,,,,,,,,,liberation.fr,News
femmeactuelle.fr,france,Leisure & Recreation,"Sourcepoint Technologies, Inc.",n/a,,,,,,,,,,liebenswert-magazin.de,Health & Medicine
fernsehserien.de,germany,n/a,consentmanager.net,contentpass,,,,,,,,,,likehifi.de,Computers & Technology
filext.com,united states,Computers & Technology,"Sourcepoint Technologies, Inc.",n/a,,,,,,,,,,linux-community.de,Forums & Newsgroups
finance-magazin.de,germany,n/a,n/a,n/a,,,,,,,,,,linux-magazin.de,Computers & Technology
finanzfrage.net,germany,n/a,consentmanager.net,contentpass,,,,,,,,,,linux-user.de,News
finanzmarktwelt.de,germany,News,Cookiebot,n/a,,,,,,,,,,livingathome.de,Shopping
firmenwagen.co.at,austria,Computers & Technology,consentmanager.net,contentpass,,,,,,,,,,ln-online.de,News
fitbook.de,germany,n/a,Axel Springer Deutschland GmbH,n/a,,,,,,,,,,logistik-heute.de,Business
fitundleicht.de,germany,n/a,Traffective GmbH,freechoice,,,,,,,,,,logistra.de,Shopping
flugrevue.de,germany,Travel,"Sourcepoint Technologies, Inc.",n/a,,,,,,,,,,lonelyplanet.de,Travel
fnp.de,germany,News,Traffective GmbH,freechoice,,,,,,,,,,lvz-online.de,News
forellenteich-angeln.com,germany,n/a,Papoo Software & Media GmbH,contentpass,,,,,,,,,,lvz.de,News
form-werkzeug.de,germany,Business,OneTrust LLC,contentpass,,,,,,,,,,macnews.de,Computers & Technology
formel1.de,germany,Sports,OneTrust LLC,contentpass,,,,,,,,,,macwelt.de,Computers & Technology
forzaroma.info,italy,News,RCS MediaGroup S.p.A.,n/a,,,,,,,,,,maennersache.de,Entertainment
fr.de,germany,News,Traffective GmbH,freechoice,,,,,,,,,,maennerseite.net,Business
fraenkische-rezepte.de,germany,Restaurants & Dining,consentmanager.net,contentpass,,,,,,,,,,maerkischeallgemeine.de,News
free-fonts.com,united states,Computers & Technology,"Sourcepoint Technologies, Inc.",contentpass,,,,,,,,,,manager-magazin.de,News
freenet.de,germany,n/a,"Sourcepoint Technologies, Inc.",contentpass,,,,,,,,,,marconomy.de,Business
freundin.de,germany,Entertainment,"Sourcepoint Technologies, Inc.",contentpass,,,,,,,,,,marcopolo.de,Travel
fuehrerscheintest-online.de,germany,n/a,Traffective GmbH,freechoice,,,,,,,,,,maschinenmarkt.ch,Business
fuldaerzeitung.de,germany,News,Traffective GmbH,freechoice,,,,,,,,,,maschinenmarkt.international,Business
funandnews.de,germany,News,"Sourcepoint Technologies, Inc.",contentpass,,,,,,,,,,maschinenmarkt.vogel.de,Business
fussball-nachrichten.de,germany,News,Traffective GmbH,freechoice,,,,,,,,,,materialfluss.de,Business
fussball.news,germany,n/a,Traffective GmbH,freechoice,,,,,,,,,,maz-online.de,News
fussballeuropa.com,germany,Sports,Traffective GmbH,freechoice,,,,,,,,,,medical-design.news,Real Estate
fussballfieber.de,germany,n/a,"Sourcepoint Technologies, Inc.",contentpass,,,,,,,,,,meineorte.com,Leisure & Recreation
futurezone.de,germany,n/a,consentmanager.net,contentpass,,,,,,,,,,menshealth.de,Health & Medicine
gabler-banklexikon.de,germany,Education,OneTrust LLC,contentpass,,,,,,,,,,meteoblue.com,News
gala.de,germany,Fashion & Beauty,"Sourcepoint Technologies, Inc.",n/a,,,,,,,,,,millenium.org,Forums & Newsgroups
gala.fr,france,Entertainment,"Sourcepoint Technologies, Inc.",n/a,,,,,,,,,,mission-additive.de,Business
gamestar.de,germany,Games,Didomi,n/a,,,,,,,,,,mittelhessen.de,News
garten-wissen.com,germany,Computers & Technology,Papoo Software & Media GmbH,contentpass,,,,,,,,,,mm-logistik.vogel.de,Business
gartendialog.de,germany,Computers & Technology,consentmanager.net,contentpass,,,,,,,,,,moin.de,Computers & Technology
gartenjournal.net,germany,Personal Sites,"Sourcepoint Technologies, Inc.",contentpass,,,,,,,,,,mondoudinese.it,News
gartenlexikon.de,germany,n/a,consentmanager.net,contentpass,,,,,,,,,,motorradfrage.net,Forums & Newsgroups
gartenteich-ratgeber.com,germany,n/a,Papoo Software & Media GmbH,contentpass,,,,,,,,,,motorradonline.de,News
gastromand.dk,denmark,n/a,Didomi,n/a,,,,,,,,,,motorradundreisen.de,Transportation
gazzetta.it,italy,n/a,RCS MediaGroup S.p.A.,n/a,,,,,,,,,,motorsport-total.com,Sports
geb-info.de,germany,Business,"Sourcepoint Technologies, Inc.",n/a,,,,,,,,,,mountainbike-magazin.de,Sports
gebaeudedigital.de,germany,Business,consentmanager.net,contentpass,,,,,,,,,,moviemaze.de,Entertainment
genialetricks.de,germany,Entertainment,consentmanager.net,contentpass,,,,,,,,,,mtb-news.de,Sports
gentside.com,france,Leisure & Recreation,"Sourcepoint Technologies, Inc.",n/a,,,,,,,,,,mummum.dk,Personal Sites
geo.de,germany,Leisure & Recreation,"Sourcepoint Technologies, Inc.",n/a,,,,,,,,,,mz-web.de,News
geo.fr,france,Leisure & Recreation,"Sourcepoint Technologies, Inc.",n/a,,,,,,,,,,neon.de,Business
gesund-verlieben.de,germany,Business,consentmanager.net,contentpass,,,,,,,,,,neonmag.fr,Entertainment
gesundes-auge.de,germany,Health & Medicine,Traffective GmbH,freechoice,,,,,,,,,,netzwelt.de,Computers & Technology
gesundheitsfrage.net,germany,n/a,consentmanager.net,contentpass,,,,,,,,,,neuepresse.de,News
gewinn-portal.de,germany,Shopping,Traffective GmbH,freechoice,,,,,,,,,,news38.de,News
giessener-allgemeine.de,germany,News,Traffective GmbH,freechoice,,,,,,,,,,next-mobility.de,Business
giessener-anzeiger.de,germany,News,Traffective GmbH,freechoice,,,,,,,,,,nn-online.de,News
giga.de,germany,Computers & Technology,"Sourcepoint Technologies, Inc.",n/a,,,,,,,,,,nn.de,Education
gladbachlive.de,germany,Sports,"Sourcepoint Technologies, Inc.",contentpass,,,,,,,,,,nordbayern.de,News
glaswelt.de,germany,n/a,"Sourcepoint Technologies, Inc.",n/a,,,,,,,,,,nz-online.de,News
gmx.net,germany,Search Engines & Portals,1&1 Mail & Media GmbH,n/a,,,,,,,,,,oberhessische-zeitung.de,News
gnz.de,germany,News,"Sourcepoint Technologies, Inc.",n/a,,,,,,,,,,oekotest.de,Leisure & Recreation
goettinger-tageblatt.de,germany,News,"Sourcepoint Technologies, Inc.",n/a,,,,,,,,,,ohmymag.com,Leisure & Recreation
golem.de,germany,News,"Sourcepoint Technologies, Inc.",n/a,,,,,,,,,,omnibusrevue.de,Business
golfnstyle.de,germany,Computers & Technology,consentmanager.net,n/a,,,,,,,,,,op-marburg.de,News
goslarsche.de,germany,News,consentmanager.net,contentpass,,,,,,,,,,ostsee-zeitung.de,News
gpsradler.de,germany,Computers & Technology,devowl.io GmbH,n/a,,,,,,,,,,over-blog-kiwi.com,Personal Sites
gutefrage.net,germany,Forums & Newsgroups,consentmanager.net,contentpass,,,,,,,,,,over-blog.com,Personal Sites
gutekueche.at,austria,Search Engines & Portals,"Sourcepoint Technologies, Inc.",contentpass,,,,,,,,,,overblog.com,Personal Sites
gutekueche.de,germany,Restaurants & Dining,"Sourcepoint Technologies, Inc.",contentpass,,,,,,,,,,paz-online.de,News
habe-ich-selbstgemacht.de,germany,Restaurants & Dining,"Sourcepoint Technologies, Inc.",contentpass,,,,,,,,,,pc-magazin.de,Computers & Technology
hacerfamilia.com,spain,Leisure & Recreation,Traffective GmbH,freechoice,,,,,,,,,,pcgames.de,Entertainment
haemorrhoiden-wissen.de,germany,Health & Medicine,Traffective GmbH,freechoice,,,,,,,,,,pcwelt.de,Computers & Technology
hallo-eltern.de,germany,n/a,Traffective GmbH,freechoice,,,,,,,,,,peiner-nachrichten.de,Politics & Law
hallo-muenchen.de,germany,News,Traffective GmbH,freechoice,,,,,,,,,,personalwirtschaft.de,Shopping
haltbarkeit.net,switzerland,n/a,"Sourcepoint Technologies, Inc.",contentpass,,,,,,,,,,photovoltaik.eu,Business
hanauer.de,germany,News,Traffective GmbH,freechoice,,,,,,,,,,pianetamilan.it,Sports
hanser-automotive.de,germany,Business,OneTrust LLC,contentpass,,,,,,,,,,plantopedia.de,Education
harpersbazaar.de,germany,n/a,"Sourcepoint Technologies, Inc.",contentpass,,,,,,,,,,pnn.de,News
hartz4rechner24.de,germany,Computers & Technology,Traffective GmbH,freechoice,,,,,,,,,,prad.de,Computers & Technology
harzkurier.de,germany,News,consentmanager.net,contentpass,,,,,,,,,,praxisvita.de,Health & Medicine
haus-garten-test.de,germany,Computers & Technology,"Sourcepoint Technologies, Inc.",contentpass,,,,,,,,,,prisma.de,Computers & Technology
hausbau-forum.de,germany,Personal Sites,consentmanager.net,n/a,,,,,,,,,,process-worldwide.com,Non-profits & NGOs
hausgarten.net,germany,Leisure & Recreation,consentmanager.net,contentpass,,,,,,,,,,process.vogel.de,Health & Medicine
haz.de,germany,News,"Sourcepoint Technologies, Inc.",n/a,,,,,,,,,,profi-werkstatt.net,News
hbold.dk,denmark,n/a,"Sourcepoint Technologies, Inc.",n/a,,,,,,,,,,programme-tv.net,Streaming Media & Downloads
healthcare-digital.de,germany,Health & Medicine,consentmanager.net,contentpass,,,,,,,,,,programme.tv,News
heftig.de,germany,Streaming Media & Downloads,consentmanager.net,contentpass,,,,,,,,,,promiflash.de,Entertainment
heidelberg24.de,germany,Business,Traffective GmbH,freechoice,,,,,,,,,,promobil.de,General
heilpraxisnet.de,germany,n/a,consentmanager.net,contentpass,,,,,,,,,,purebreak.com,Entertainment
heimatsport.de,germany,Sports,Traffective GmbH,freechoice,,,,,,,,,,purepeople.com,Leisure & Recreation
heise.de,germany,n/a,"Sourcepoint Technologies, Inc.",n/a,,,,,,,,,,puretrend.com,Entertainment
hersfelder-zeitung.de,germany,News,Traffective GmbH,freechoice,,,,,,,,,,qz-online.de,Business
hildesheimer-allgemeine.de,germany,News,consentmanager.net,contentpass,,,,,,,,,,radiobielefeld.de,Entertainment
himmlisch-plaudern.at,austria,Religion,consentmanager.net,contentpass,,,,,,,,,,radioguetersloh.de,Entertainment
himmlisch-plaudern.ch,germany,n/a,consentmanager.net,contentpass,,,,,,,,,,radiohochstift.de,Entertainment
himmlisch-plaudern.de,germany,Religion,consentmanager.net,contentpass,,,,,,,,,,radiolippe.de,Streaming Media & Downloads
hlk.co.at,austria,n/a,consentmanager.net,contentpass,,,,,,,,,,radsport-news.com,Sports
hna.de,germany,News,Traffective GmbH,freechoice,,,,,,,,,,raspberry-pi-geek.de,Business
hob-magazin.com,germany,Shopping,consentmanager.net,contentpass,,,,,,,,,,reisefrage.net,Travel
hobbyconsolas.com,spain,Leisure & Recreation,"Sourcepoint Technologies, Inc.",contentpass,,,,,,,,,,rennrad-news.de,Sports
hochzeit.net,germany,Computers & Technology,Traffective GmbH,n/a,,,,,,,,,,repubblica.it,News
hochzeitsforum.org,germany,n/a,Traffective GmbH,freechoice,,,,,,,,,,rheinpfalz.de,News
hockeymagasinet.dk,denmark,n/a,"Sourcepoint Technologies, Inc.",n/a,,,,,,,,,,rnd.de,News
hoerzu.de,germany,n/a,consentmanager.net,contentpass,,,,,,,,,,roadbike.de,Sports
hola.com,spain,Entertainment,"Sourcepoint Technologies, Inc.",n/a,,,,,,,,,,rp-online.de,News
honeymoments.de,germany,Business,Traffective GmbH,freechoice,,,,,,,,,,runnersworld.de,Sports
hortica.de,germany,n/a,consentmanager.net,contentpass,,,,,,,,,,saechsische.de,News
huehner-haltung.de,germany,n/a,Papoo Software & Media GmbH,contentpass,,,,,,,,,,sbz-monteur.de,Education
huehner-hof.com,germany,Computers & Technology,Papoo Software & Media GmbH,contentpass,,,,,,,,,,sbz-online.de,Business
huehner-ratgeber.de,germany,Personal Sites,Papoo Software & Media GmbH,contentpass,,,,,,,,,,schifffahrtundtechnik.de,Business
huehnerhaltung.org,germany,n/a,Papoo Software & Media GmbH,contentpass,,,,,,,,,,schoener-wohnen.de,Shopping
huelva24.com,spain,Business,Didomi,contentpass,,,,,,,,,,schulferien.org,Computers & Technology
huffingtonpost.es,united states,News,Didomi,contentpass,,,,,,,,,,sciencesetavenir.fr,News
huffingtonpost.fr,france,News,Société Éditrice du Monde,n/a,,,,,,,,,,security-insider.de,Computers & Technology
huffingtonpost.it,italy,n/a,iubenda,n/a,,,,,,,,,,selbst.de,Personal Sites
iban-rechner.de,germany,Finance,"Sourcepoint Technologies, Inc.",contentpass,,,,,,,,,,selfies.com,Entertainment
ibancalculator.com,iceland,Finance,"Sourcepoint Technologies, Inc.",contentpass,,,,,,,,,,siegener-zeitung.de,News
ich-lebe-vegan.de,germany,n/a,Traffective GmbH,freechoice,,,,,,,,,,smart-rechner.de,Computers & Technology
ihr-wellness-magazin.de,germany,n/a,Traffective GmbH,freechoice,,,,,,,,,,smarterworld.de,Business
ilclubdellericette.it,italy,n/a,iubenda,n/a,,,,,,,,,,smarthouse-pro.de,Personal Sites
ilmilanista.it,italy,Sports,RCS MediaGroup S.p.A.,n/a,,,,,,,,,,sn-online.de,News
ilsecoloxix.it,italy,News,iubenda,n/a,,,,,,,,,,solidbau.at,Business
ilsole24ore.com,italy,News,OneTrust LLC,n/a,,,,,,,,,,spiegel.de,News
immo.infranken.de,germany,News,consentmanager.net,contentpass,,,,,,,,,,spiegel.tv,General
immomorgen.de,germany,Real Estate,consentmanager.net,contentpass,,,,,,,,,,spielaffe.de,Games
impulse.de,germany,Business,"Sourcepoint Technologies, Inc.",n/a,,,,,,,,,,spieletipps.de,Games
ind-ai.net,germany,Business,consentmanager.net,contentpass,,,,,,,,,,spielfilm.de,Entertainment
industrial-communication-journal.net,germany,Shopping,consentmanager.net,contentpass,,,,,,,,,,spon.de,News
industrial-production.de,germany,News,consentmanager.net,n/a,,,,,,,,,,sportlerfrage.net,Sports
industriemagazin.at,austria,News,consentmanager.net,contentpass,,,,,,,,,,sportnews.bz,Sports
industry-of-things.de,germany,Business,consentmanager.net,contentpass,,,,,,,,,,springermedizin.at,Health & Medicine
inflationsrechner24.de,germany,n/a,Traffective GmbH,freechoice,,,,,,,,,,springermedizin.de,Health & Medicine
infranken.de,germany,News,consentmanager.net,contentpass,,,,,,,,,,springerpflege.de,Health & Medicine
ingame.de,germany,Games,Traffective GmbH,freechoice,,,,,,,,,,springerprofessional.de,Business
ingolstadt-today.de,germany,News,Traffective GmbH,freechoice,,,,,,,,,,sprit-plus.de,Computers & Technology
innsalzach24.de,germany,Entertainment,Traffective GmbH,freechoice,,,,,,,,,,stadionwelt.de,Sports
inrlp.de,germany,Personal Sites,consentmanager.net,contentpass,,,,,,,,,,stern.de,News
inside-digital.de,germany,Computers & Technology,"Sourcepoint Technologies, Inc.",contentpass,,,,,,,,,,stimme.de,News
insidebw.de,germany,Unknown,Papoo Software & Media GmbH,contentpass,,,,,,,,,,stol.it,News
insideevs.de,germany,n/a,OneTrust LLC,contentpass,,,,,,,,,,storage-insider.de,Computers & Technology
instyle.de,germany,Entertainment,"Sourcepoint Technologies, Inc.",contentpass,,,,,,,,,,stylevamp.de,Business
invdays.com,germany,Business,consentmanager.net,contentpass,,,,,,,,,,sudoku-aktuell.de,Leisure & Recreation
invision-news.com,germany,Business,consentmanager.net,contentpass,,,,,,,,,,sudoku-topical.com,Business
invision-news.de,germany,News,consentmanager.net,contentpass,,,,,,,,,,sudouest.fr,News
iodonna.it,italy,News,RCS MediaGroup S.p.A.,n/a,,,,,,,,,,supermadame.org,Personal Sites
iot-design.de,germany,n/a,consentmanager.net,contentpass,,,,,,,,,,swp.de,News
ip-insider.de,germany,Computers & Technology,consentmanager.net,contentpass,,,,,,,,,,sz-online.de,News
iphone-tricks.com,germany,Computers & Technology,Traffective GmbH,n/a,,,,,,,,,,t-online.de,Search Engines & Portals
iphone-tricks.de,germany,Computers & Technology,Traffective GmbH,freechoice,,,,,,,,,,t3n.de,Computers & Technology
it-business.de,germany,Computers & Technology,consentmanager.net,contentpass,,,,,,,,,,tageblatt.de,News
it-daily.net,germany,n/a,OneTrust LLC,contentpass,,,,,,,,,,tagesspiegel.de,News
itasportpress.it,italy,Sports,RCS MediaGroup S.p.A.,n/a,,,,,,,,,,techniker-forum.de,Forums & Newsgroups
itsintv.de,germany,Entertainment,Traffective GmbH,freechoice,,,,,,,,,,teltarif.de,Computers & Technology
jeuxvideo.com,france,Forums & Newsgroups,Didomi,n/a,,,,,,,,,,terrafemina.com,News
jornadaperfecta.com,spain,Sports,Traffective GmbH,freechoice,,,,,,,,,,teslamag.de,Transportation
juraforum.de,germany,n/a,consentmanager.net,contentpass,,,,,,,,,,tga.at,Business
juvenews.eu,italy,Sports,RCS MediaGroup S.p.A.,n/a,,,,,,,,,,thueringen24.de,News
jux.news,germany,Instant Messaging,Traffective GmbH,freechoice,,,,,,,,,,tierfans.net,Shopping
kalender-365.de,germany,n/a,Traffective GmbH,freechoice,,,,,,,,,,tomaten.de,Shopping
kalender-oesterreich.at,austria,n/a,Papoo Software & Media GmbH,contentpass,,,,,,,,,,tonline.de,Search Engines & Portals
kalender-online.com,germany,Parked Domains,Papoo Software & Media GmbH,contentpass,,,,,,,,,,traktuell.at,Computers & Technology
kaninchen-haltung.com,germany,Shopping,Papoo Software & Media GmbH,contentpass,,,,,,,,,,transferxl.com,Personal Storage
kartenlegen-sofort.de,germany,n/a,Papoo Software & Media GmbH,contentpass,,,,,,,,,,trucker.de,Forums & Newsgroups
kem.industrie.de,germany,n/a,consentmanager.net,contentpass,,,,,,,,,,tuttobolognaweb.it,Sports
kicker.de,germany,n/a,Usercentrics.com,n/a,,,,,,,,,,tvdigital.de,Entertainment
kinderzuschlagrechner24.de,germany,Finance,Traffective GmbH,freechoice,,,,,,,,,,tvdirekt.de,Entertainment
kino.de,germany,Entertainment,"Sourcepoint Technologies, Inc.",n/a,,,,,,,,,,tvmovie.de,Entertainment
klack.de,germany,Entertainment,consentmanager.net,contentpass,,,,,,,,,,unnuetzes.com,Entertainment
kn-online.de,germany,News,"Sourcepoint Technologies, Inc.",n/a,,,,,,,,,,unsere-helden.com,Computers & Technology
korrekturen.de,germany,Education,"Sourcepoint Technologies, Inc.",contentpass,,,,,,,,,,unterwegs-auf-der-autobahn.de,Computers & Technology
kreis-anzeiger.de,germany,News,Traffective GmbH,freechoice,,,,,,,,,,urbia.de,Health & Medicine
kreisbote.de,germany,News,Traffective GmbH,freechoice,,,,,,,,,,utopia.de,Leisure & Recreation
kreiszeitung.de,germany,News,Traffective GmbH,freechoice,,,,,,,,,,verkehrsrundschau.de,News
kreuzwortraetsel.de,germany,Games,"Sourcepoint Technologies, Inc.",n/a,,,,,,,,,,versicherungsmagazin.de,Finance
krone.at,austria,News,Didomi,n/a,,,,,,,,,,vienna.at,News
ksta.de,germany,News,"Sourcepoint Technologies, Inc.",n/a,,,,,,,,,,violanews.com,Sports
kuechengoetter.de,germany,Restaurants & Dining,consentmanager.net,n/a,,,,,,,,,,vision-mobility.de,Computers & Technology
kundendienst-info.de,germany,Business,Traffective GmbH,freechoice,,,,,,,,,,voici.fr,Entertainment
kunststoff-magazin.de,germany,Business,consentmanager.net,n/a,,,,,,,,,,vol.at,News
kunststoffe.de,germany,Business,OneTrust LLC,contentpass,,,,,,,,,,volksstimme.de,News
kurier.at,austria,News,Didomi,n/a,,,,,,,,,,vorname.com,Leisure & Recreation
kurierverlag.de,germany,Shopping,Traffective GmbH,freechoice,,,,,,,,,,wallstreet-online.de,Finance
lab-worldwide.com,germany,Business,consentmanager.net,contentpass,,,,,,,,,,watson.de,News
labo.de,germany,Business,consentmanager.net,n/a,,,,,,,,,,waz-online.de,News
laborpraxis.vogel.de,germany,Business,consentmanager.net,contentpass,,,,,,,,,,we-go-wild.com,General
lachainemeteo.com,france,News,AppConsent by SFBX®,n/a,,,,,,,,,,weihnachtsmarkt-deutschland.de,Business
lagacetadesalamanca.es,eu #country is really world wide,News,Didomi,contentpass,,,,,,,,,,welt.de,News
landeszeitung.de,germany,News,"Sourcepoint Technologies, Inc.",n/a,,,,,,,,,,werkstatt-betrieb.de,Business
landtiere.de,germany,Leisure & Recreation,Traffective GmbH,freechoice,,,,,,,,,,werstreamt.es,Entertainment
lastampa.it,italy,News,iubenda,n/a,,,,,,,,,,wetter.com,News
lauterbacher-anzeiger.de,germany,n/a,Traffective GmbH,freechoice,,,,,,,,,,wetter.info,News
lavanguardia.com,spain,News,Didomi,n/a,,,,,,,,,,wiesbadener-kurier.de,Search Engines & Portals
lavozdigital.es,eu #country is really world wide,News,Didomi,contentpass,,,,,,,,,,winfuture.de,Computers & Technology
le10sport.com,france,Sports,Didomi,n/a,,,,,,,,,,winload.de,File Repository
lebenindeutschland.eu,antigua and barbuda,Government,Traffective GmbH,freechoice,,,,,,,,,,wir-in-der-praxis.de,Computers & Technology
leblogtvnews.com,france,Personal Sites,Didomi,n/a,,,,,,,,,,wirtschaftslexikon.gabler.de,Business
lecker.de,germany,Restaurants & Dining,"Sourcepoint Technologies, Inc.",n/a,,,,,,,,,,wohnmobilforum.de,Sports
leckerschmecker.me,germany,n/a,consentmanager.net,contentpass,,,,,,,,,,womenshealth.de,Health & Medicine
leinetal24.de,germany,News,Traffective GmbH,freechoice,,,,,,,,,,wormser-zeitung.de,Search Engines & Portals
leistungselektronik.de,germany,Health & Medicine,consentmanager.net,contentpass,,,,,,,,,,wunderbunt.de,Leisure & Recreation
lemonde.fr,france,News,Société Éditrice du Monde,n/a,,,,,,,,,,wunderweib.de,Leisure & Recreation
leo.org,germany,n/a,OneTrust LLC,n/a,,,,,,,,,,ze.tt,News
leonoticias.com,spain,News,Didomi,contentpass,,,,,,,,,,zeit.de,News
lepoint.fr,france,News,"Sourcepoint Technologies, Inc.",n/a,,,,,,,,,,zuhause.de,Business
lequipe.fr,france,Sports,Didomi,n/a,,,,,,,,,,,
lernhelfer.de,germany,Education,"Sourcepoint Technologies, Inc.",contentpass,,,,,,,,,,,
lezappingdupaf.com,france,Entertainment,Didomi,n/a,,,,,,,,,,,
liberation.fr,france,News,"Sourcepoint Technologies, Inc.",n/a,,,,,,,,,,,
liebenswert-magazin.de,germany,Health & Medicine,"Sourcepoint Technologies, Inc.",n/a,,,,,,,,,,,
liebeskosmos.de,germany,Leisure & Recreation,"Sourcepoint Technologies, Inc.",contentpass,,,,,,,,,,,
likehifi.de,germany,n/a,"Sourcepoint Technologies, Inc.",contentpass,,,,,,,,,,,
linux-community.de,germany,Forums & Newsgroups,"Sourcepoint Technologies, Inc.",contentpass,,,,,,,,,,,
linux-magazin.de,germany,Computers & Technology,"Sourcepoint Technologies, Inc.",contentpass,,,,,,,,,,,
livingathome.de,germany,Shopping,"Sourcepoint Technologies, Inc.",n/a,,,,,,,,,,,
ln-online.de,germany,News,"Sourcepoint Technologies, Inc.",n/a,,,,,,,,,,,
logistics-day.de,germany,Unknown,consentmanager.net,contentpass,,,,,,,,,,,
logistik-heute.de,germany,n/a,consentmanager.net,contentpass,,,,,,,,,,,
logistra.de,germany,Shopping,consentmanager.net,contentpass,,,,,,,,,,,
lonelyplanet.de,germany,Travel,"Sourcepoint Technologies, Inc.",contentpass,,,,,,,,,,,
los40.com,spain,Streaming Media & Downloads,Didomi,contentpass,,,,,,,,,,,
loving-travel.com,germany,Shopping,Traffective GmbH,freechoice,,,,,,,,,,,
lovingnewyork.de,germany,n/a,Traffective GmbH,freechoice,,,,,,,,,,,
lr-online.de,germany,n/a,"Sourcepoint Technologies, Inc.",n/a,,,,,,,,,,,
ludwigshafen24.de,germany,Sports,Traffective GmbH,freechoice,,,,,,,,,,,
lvz.de,germany,News,"Sourcepoint Technologies, Inc.",n/a,,,,,,,,,,,
macwelt.de,germany,Computers & Technology,"Sourcepoint Technologies, Inc.",contentpass,,,,,,,,,,,
maennersache.de,germany,Entertainment,"Sourcepoint Technologies, Inc.",n/a,,,,,,,,,,,
maennerseite.net,germany,Business,"Sourcepoint Technologies, Inc.",contentpass,,,,,,,,,,,
magen-darm-ratgeber.de,germany,Health & Medicine,Traffective GmbH,freechoice,,,,,,,,,,,
mainpost.de,germany,News,Usercentrics.com,n/a,,,,,,,,,,,
malvorlagen-bilder.de,germany,n/a,consentmanager.net,n/a,,,,,,,,,,,
malvorlagen-weihnachten.de,germany,Finance,consentmanager.net,n/a,,,,,,,,,,,
mami-ratgeber.de,germany,Sex Education,Traffective GmbH,freechoice,,,,,,,,,,,
manager-magazin.de,germany,News,"Sourcepoint Technologies, Inc.",n/a,,,,,,,,,,,
mandala-bilder.de,germany,File Repository,consentmanager.net,n/a,,,,,,,,,,,
mangfall24.de,germany,News,Traffective GmbH,freechoice,,,,,,,,,,,
mannheim24.de,germany,News,Traffective GmbH,freechoice,,,,,,,,,,,
marconomy.de,germany,Business,consentmanager.net,contentpass,,,,,,,,,,,
marcopolo.de,germany,Travel,"Sourcepoint Technologies, Inc.",contentpass,,,,,,,,,,,
markt.de,germany,Shopping,Traffective GmbH,freechoice,,,,,,,,,,,
maschinenmarkt.ch,switzerland,n/a,consentmanager.net,contentpass,,,,,,,,,,,
maschinenmarkt.international,germany,Business,consentmanager.net,contentpass,,,,,,,,,,,
maschinenmarkt.vogel.de,germany,Business,consentmanager.net,contentpass,,,,,,,,,,,
materialfluss.de,germany,Business,consentmanager.net,n/a,,,,,,,,,,,
maz-online.de,germany,News,"Sourcepoint Technologies, Inc.",n/a,,,,,,,,,,,
me-magazin.com,germany,n/a,consentmanager.net,contentpass,,,,,,,,,,,
medienportal-grimma.de,germany,Shopping,consentmanager.net,contentpass,,,,,,,,,,,
meine-anzeigenzeitung.de,germany,News,Traffective GmbH,freechoice,,,,,,,,,,,
meineorte.com,germany,Leisure & Recreation,"Sourcepoint Technologies, Inc.",contentpass,,,,,,,,,,,
menshealth.de,germany,Health & Medicine,"Sourcepoint Technologies, Inc.",n/a,,,,,,,,,,,
merkur.de,germany,n/a,Traffective GmbH,freechoice,,,,,,,,,,,
milanofinanza.it,italy,News,ALZ Software Ltd (trading as Clickio),n/a,,,,,,,,,,,
millenium.org,france,Forums & Newsgroups,Didomi,n/a,,,,,,,,,,,
mittelbayerische-stellen.de,germany,Shopping,Traffective GmbH,freechoice,,,,,,,,,,,
mittelbayerische-trauer.de,germany,Shopping,Traffective GmbH,freechoice,,,,,,,,,,,
mittelbayerische.de,germany,News,Traffective GmbH,freechoice,,,,,,,,,,,
mittelhessen.de,germany,News,consentmanager.net,n/a,,,,,,,,,,,
mm-logistik.vogel.de,germany,Business,consentmanager.net,contentpass,,,,,,,,,,,
moin.de,germany,Computers & Technology,consentmanager.net,contentpass,,,,,,,,,,,
mondeomk3.de,germany,Transportation,Traffective GmbH,freechoice,,,,,,,,,,,
mondoudinese.it,italy,n/a,RCS MediaGroup S.p.A.,n/a,,,,,,,,,,,
mopo.de,germany,News,Traffective GmbH,freechoice,,,,,,,,,,,
mopop.de,germany,n/a,Traffective GmbH,freechoice,,,,,,,,,,,
morgenpost.de,germany,News,consentmanager.net,contentpass,,,,,,,,,,,
motor.elpais.com,spain,News,Didomi,contentpass,,,,,,,,,,,
motorpasion.com,iceland,Transportation,Didomi,contentpass,,,,,,,,,,,
motorpasion.com.mx,iceland,n/a,Didomi,contentpass,,,,,,,,,,,
motorpasionmoto.com,spain,n/a,Didomi,contentpass,,,,,,,,,,,
motorradfrage.net,germany,n/a,consentmanager.net,contentpass,,,,,,,,,,,
motorradonline.de,germany,n/a,"Sourcepoint Technologies, Inc.",n/a,,,,,,,,,,,
motorradundreisen.de,germany,n/a,"Sourcepoint Technologies, Inc.",n/a,,,,,,,,,,,
motorsport-total.com,germany,n/a,OneTrust LLC,contentpass,,,,,,,,,,,
movilzona.es,united states,Computers & Technology,Didomi,n/a,,,,,,,,,,,
moz.de,germany,n/a,"Sourcepoint Technologies, Inc.",n/a,,,,,,,,,,,
mtb-news.de,germany,Sports,OneTrust LLC,contentpass,,,,,,,,,,,
mujerhoy.com,united states,Fashion & Beauty,Didomi,contentpass,,,,,,,,,,,
mummum.dk,denmark,n/a,"Sourcepoint Technologies, Inc.",n/a,,,,,,,,,,,
mundodeportivo.com,spain,News,Didomi,n/a,,,,,,,,,,,
mundoprimaria.com,united states,Education,Traffective GmbH,freechoice,,,,,,,,,,,
mutter-kind-gesundheit.de,germany,Shopping,Traffective GmbH,freechoice,,,,,,,,,,,
myhomebook.de,germany,n/a,Axel Springer Deutschland GmbH,n/a,,,,,,,,,,,
mz-web.de,germany,n/a,"Sourcepoint Technologies, Inc.",n/a,,,,,,,,,,,
nagerkaefig.net,germany,n/a,Papoo Software & Media GmbH,contentpass,,,,,,,,,,,
nasen-ratgeber.de,germany,Health & Medicine,Traffective GmbH,freechoice,,,,,,,,,,,
neonmag.fr,france,Entertainment,"Sourcepoint Technologies, Inc.",n/a,,,,,,,,,,,
netzwelt.de,germany,Computers & Technology,OneTrust LLC,contentpass,,,,,,,,,,,
neuepresse.de,germany,News,"Sourcepoint Technologies, Inc.",n/a,,,,,,,,,,,
news.bayern,germany,News,Traffective GmbH,freechoice,,,,,,,,,,,
news38.de,germany,n/a,consentmanager.net,contentpass,,,,,,,,,,,
newsflash24.de,germany,General,Traffective GmbH,freechoice,,,,,,,,,,,
next-mobility.de,germany,n/a,consentmanager.net,contentpass,,,,,,,,,,,
nextg.tv,germany,n/a,Traffective GmbH,freechoice,,,,,,,,,,,
nimms-rad.de,germany,Search Engines & Portals,OneTrust LLC,contentpass,,,,,,,,,,,
nn.de,germany,n/a,consentmanager.net,n/a,,,,,,,,,,,
nord24.de,germany,News,Traffective GmbH,freechoice,,,,,,,,,,,
nordbayern.de,germany,News,consentmanager.net,n/a,,,,,,,,,,,
notimerica.com,spain,News,Traffective GmbH,freechoice,,,,,,,,,,,
nrz.de,germany,News,consentmanager.net,contentpass,,,,,,,,,,,
nwzonline.de,germany,News,consentmanager.net,n/a,,,,,,,,,,,
oberhessische-zeitung.de,germany,News,Traffective GmbH,freechoice,,,,,,,,,,,
oekotest.de,germany,Leisure & Recreation,"Sourcepoint Technologies, Inc.",contentpass,,,,,,,,,,,
oggi.it,italy,News,RCS MediaGroup S.p.A.,n/a,,,,,,,,,,,
ohmymag.com,france,Leisure & Recreation,"Sourcepoint Technologies, Inc.",n/a,,,,,,,,,,,
oktoberfest.bayern,germany,n/a,Traffective GmbH,freechoice,,,,,,,,,,,
omnibusrevue.de,germany,n/a,Usercentrics.com,contentpass,,,,,,,,,,,
onlinehaendler-news.de,germany,n/a,Papoo Software & Media GmbH,contentpass,,,,,,,,,,,
onlineuebung.de,germany,Education,Traffective GmbH,freechoice,,,,,,,,,,,
op-marburg.de,germany,n/a,"Sourcepoint Technologies, Inc.",n/a,,,,,,,,,,,
op-online.de,germany,News,Traffective GmbH,freechoice,,,,,,,,,,,
ostsee-zeitung.de,germany,News,"Sourcepoint Technologies, Inc.",n/a,,,,,,,,,,,
otempo.pt,spain,News,Didomi,n/a,,,,,,,,,,,
outside-stories.de,germany,Personal Sites,Papoo Software & Media GmbH,contentpass,,,,,,,,,,,
ovb-online.de,germany,News,Traffective GmbH,freechoice,,,,,,,,,,,
over-blog.com,france,Personal Sites,Didomi,n/a,,,,,,,,,,,
paradisi.de,germany,n/a,Traffective GmbH,freechoice,,,,,,,,,,,
paz-online.de,germany,News,"Sourcepoint Technologies, Inc.",n/a,,,,,,,,,,,
pcgames.de,germany,Entertainment,"Sourcepoint Technologies, Inc.",n/a,,,,,,,,,,,
pcgameshardware.de,germany,n/a,"Sourcepoint Technologies, Inc.",n/a,,,,,,,,,,,
pcwelt.de,germany,Computers & Technology,"Sourcepoint Technologies, Inc.",contentpass,,,,,,,,,,,
perfect-machines.com,germany,n/a,consentmanager.net,contentpass,,,,,,,,,,,
personalwirtschaft.de,germany,Shopping,n/a,n/a,,,,,,,,,,,
photovoltaik.eu,germany,Business,"Sourcepoint Technologies, Inc.",n/a,,,,,,,,,,,
pianetamilan.it,italy,Sports,RCS MediaGroup S.p.A.,n/a,,,,,,,,,,,
plantopedia.de,germany,Education,consentmanager.net,contentpass,,,,,,,,,,,
pnp.de,germany,News,Traffective GmbH,freechoice,,,,,,,,,,,
podiumpodcast.com,spain,Streaming Media & Downloads,Didomi,contentpass,,,,,,,,,,,
prad.de,germany,Computers & Technology,"Sourcepoint Technologies, Inc.",n/a,,,,,,,,,,,
presse-augsburg.de,germany,News,Traffective GmbH,freechoice,,,,,,,,,,,
prisma.de,germany,n/a,OneTrust LLC,contentpass,,,,,,,,,,,
process-worldwide.com,germany,Health & Medicine,consentmanager.net,contentpass,,,,,,,,,,,
process.vogel.de,germany,Health & Medicine,consentmanager.net,contentpass,,,,,,,,,,,
profi-werkstatt.net,germany,News,consentmanager.net,contentpass,,,,,,,,,,,
programme-tv.net,france,n/a,"Sourcepoint Technologies, Inc.",n/a,,,,,,,,,,,
programme.tv,united states,n/a,"Sourcepoint Technologies, Inc.",n/a,,,,,,,,,,,
promietrecht.de,germany,Education,Traffective GmbH,n/a,,,,,,,,,,,
promiflash.de,germany,Entertainment,"Sourcepoint Technologies, Inc.",n/a,,,,,,,,,,,
promipool.de,germany,Entertainment,Traffective GmbH,freechoice,,,,,,,,,,,
promobil.de,germany,General,"Sourcepoint Technologies, Inc.",n/a,,,,,,,,,,,
psd-tutorials.de,germany,Computers & Technology,Traffective GmbH,freechoice,,,,,,,,,,,
psychisch-erkrankt.de,germany,n/a,Traffective GmbH,freechoice,,,,,,,,,,,
purebreak.com,france,n/a,Didomi,n/a,,,,,,,,,,,
purepeople.com,france,Leisure & Recreation,Didomi,n/a,,,,,,,,,,,
pymesyautonomos.com,spain,n/a,Didomi,contentpass,,,,,,,,,,,
quizshow-trainingslager.de,germany,Games,Traffective GmbH,freechoice,,,,,,,,,,,
qz-online.de,germany,n/a,OneTrust LLC,contentpass,,,,,,,,,,,
r-energy.eu,germany,Personal Sites,consentmanager.net,contentpass,,,,,,,,,,,
radiobielefeld.de,germany,Entertainment,Usercentrics.com,contentpass,,,,,,,,,,,
radioguetersloh.de,germany,Entertainment,Usercentrics.com,contentpass,,,,,,,,,,,
radioherford.de,germany,Entertainment,Usercentrics.com,contentpass,,,,,,,,,,,
radiohochstift.de,germany,Entertainment,Usercentrics.com,contentpass,,,,,,,,,,,
radiole.com,spain,n/a,Didomi,contentpass,,,,,,,,,,,
radiolippe.de,germany,Streaming Media & Downloads,Usercentrics.com,contentpass,,,,,,,,,,,
radiowaf.de,germany,News,Usercentrics.com,contentpass,,,,,,,,,,,
radiowestfalica.de,germany,Entertainment,Usercentrics.com,contentpass,,,,,,,,,,,
radsport-news.com,germany,Sports,consentmanager.net,contentpass,,,,,,,,,,,
raetseldino.de,germany,n/a,consentmanager.net,n/a,,,,,,,,,,,
raspberry-pi-geek.de,germany,n/a,"Sourcepoint Technologies, Inc.",contentpass,,,,,,,,,,,
ratgeber-darmgesundheit.de,germany,Health & Medicine,Traffective GmbH,freechoice,,,,,,,,,,,
ratgeber-hautgesundheit.de,germany,Business,Traffective GmbH,freechoice,,,,,,,,,,,
ratgeber-herz-kreislauf.de,germany,Computers & Technology,Traffective GmbH,freechoice,,,,,,,,,,,
ratgeber-maennerurologie.de,germany,n/a,Traffective GmbH,freechoice,,,,,,,,,,,
ratgeber-nerven.de,germany,n/a,Traffective GmbH,freechoice,,,,,,,,,,,
ratgeber-schmerzen.de,germany,Business,Traffective GmbH,freechoice,,,,,,,,,,,
rechneronline.de,germany,Education,Traffective GmbH,freechoice,,,,,,,,,,,
regionalheute.de,germany,News,Traffective GmbH,freechoice,,,,,,,,,,,
reihenfolge.de,germany,Entertainment,Traffective GmbH,freechoice,,,,,,,,,,,
reisefrage.net,germany,n/a,consentmanager.net,contentpass,,,,,,,,,,,
rekordtiere.de,germany,Business,"Sourcepoint Technologies, Inc.",contentpass,,,,,,,,,,,
relevo.com,spain,Sports,Didomi,contentpass,,,,,,,,,,,
rennrad-news.de,germany,Sports,OneTrust LLC,contentpass,,,,,,,,,,,
repubblica.it,italy,News,iubenda,n/a,,,,,,,,,,,
retinatendencias.com,spain,News,Didomi,contentpass,,,,,,,,,,,
rheinpfalz.de,germany,News,"Sourcepoint Technologies, Inc.",n/a,,,,,,,,,,,
rnd.de,germany,News,"Sourcepoint Technologies, Inc.",n/a,,,,,,,,,,,
rnz.de,germany,News,Traffective GmbH,freechoice,,,,,,,,,,,
robotik-produktion.de,germany,Business,consentmanager.net,contentpass,,,,,,,,,,,
rosenheim24.de,germany,News,Traffective GmbH,freechoice,,,,,,,,,,,
rostock-heute.de,germany,Entertainment,Papoo Software & Media GmbH,contentpass,,,,,,,,,,,
rp-online.de,germany,News,OneTrust LLC,n/a,,,,,,,,,,,
ruhr-guide.de,germany,n/a,Papoo Software & Media GmbH,contentpass,,,,,,,,,,,
runnersworld.de,germany,Sports,"Sourcepoint Technologies, Inc.",n/a,,,,,,,,,,,
saechsische.de,germany,News,Didomi,contentpass,,,,,,,,,,,
salamancahoy.es,eu #country is really world wide,Fashion & Beauty,Didomi,contentpass,,,,,,,,,,,
sauerlandkurier.de,germany,News,Traffective GmbH,freechoice,,,,,,,,,,,
sbz-monteur.de,germany,Education,"Sourcepoint Technologies, Inc.",n/a,,,,,,,,,,,
sbz-online.de,germany,Business,"Sourcepoint Technologies, Inc.",n/a,,,,,,,,,,,
schaltschrankbau-magazin.de,germany,n/a,consentmanager.net,contentpass,,,,,,,,,,,
schifffahrtundtechnik.de,germany,Business,Usercentrics.com,contentpass,,,,,,,,,,,
schlager.de,germany,Entertainment,consentmanager.net,contentpass,,,,,,,,,,,
schnelle-online.info,germany,Education,Papoo Software & Media GmbH,contentpass,,,,,,,,,,,
schnittmuster-datenbank.de,germany,Leisure & Recreation,Papoo Software & Media GmbH,contentpass,,,,,,,,,,,
schoener-wohnen.de,germany,Shopping,"Sourcepoint Technologies, Inc.",n/a,,,,,,,,,,,
schuettgut.vogel.de,germany,Business,consentmanager.net,contentpass,,,,,,,,,,,
schulferien.org,germany,Computers & Technology,"Sourcepoint Technologies, Inc.",contentpass,,,,,,,,,,,
sciencesetavenir.fr,france,News,Didomi,n/a,,,,,,,,,,,
security-insider.de,germany,Computers & Technology,consentmanager.net,contentpass,,,,,,,,,,,
selbst.de,germany,Personal Sites,"Sourcepoint Technologies, Inc.",n/a,,,,,,,,,,,
selbstversorger.de,germany,n/a,consentmanager.net,contentpass,,,,,,,,,,,
selfies.com,united kingdom,n/a,consentmanager.net,contentpass,,,,,,,,,,,
service-and-maintenance.com,germany,Business,consentmanager.net,contentpass,,,,,,,,,,,
siegener-zeitung.de,germany,News,"Sourcepoint Technologies, Inc.",n/a,,,,,,,,,,,
smart-rechner.de,germany,Computers & Technology,"Sourcepoint Technologies, Inc.",contentpass,,,,,,,,,,,
smartissimo.de,germany,n/a,"Sourcepoint Technologies, Inc.",contentpass,,,,,,,,,,,
sn-online.de,germany,News,"Sourcepoint Technologies, Inc.",n/a,,,,,,,,,,,
sodbrennen.de,germany,n/a,Traffective GmbH,freechoice,,,,,,,,,,,
soester-anzeiger.de,germany,News,Traffective GmbH,freechoice,,,,,,,,,,,
solidbau.at,austria,Business,consentmanager.net,contentpass,,,,,,,,,,,
sorglos-schlafen.de,germany,Health & Medicine,Traffective GmbH,freechoice,,,,,,,,,,,
soundground.de,germany,Personal Sites,"Sourcepoint Technologies, Inc.",contentpass,,,,,,,,,,,
sozialhilferechner24.de,germany,Finance,Traffective GmbH,freechoice,,,,,,,,,,,
spiegel.de,germany,News,"Sourcepoint Technologies, Inc.",n/a,,,,,,,,,,,
spielaffe.de,germany,n/a,"Sourcepoint Technologies, Inc.",n/a,,,,,,,,,,,
spielfilm.de,germany,Entertainment,consentmanager.net,contentpass,,,,,,,,,,,
sport1.de,germany,Sports,"Sourcepoint Technologies, Inc.",n/a,,,,,,,,,,,
sportlerfrage.net,germany,Sports,consentmanager.net,contentpass,,,,,,,,,,,
sportnews.bz,italy,n/a,"Sourcepoint Technologies, Inc.",n/a,,,,,,,,,,,
sportplatzwelt.de,germany,Sports,"Sourcepoint Technologies, Inc.",contentpass,,,,,,,,,,,
springermedicine.com,germany,n/a,OneTrust LLC,contentpass,,,,,,,,,,,
springermedizin.at,austria,Health & Medicine,OneTrust LLC,contentpass,,,,,,,,,,,
springermedizin.de,germany,Health & Medicine,OneTrust LLC,contentpass,,,,,,,,,,,
springerpflege.de,germany,Health & Medicine,OneTrust LLC,contentpass,,,,,,,,,,,
springerprofessional.de,germany,Business,OneTrust LLC,contentpass,,,,,,,,,,,
sprit-plus.de,germany,Computers & Technology,Usercentrics.com,contentpass,,,,,,,,,,,
spruechekosmos.de,germany,n/a,Papoo Software & Media GmbH,contentpass,,,,,,,,,,,
sps-magazin.de,germany,News,consentmanager.net,contentpass,,,,,,,,,,,
st-georg.de,germany,n/a,Traffective GmbH,n/a,,,,,,,,,,,
stadionwelt.de,germany,Sports,"Sourcepoint Technologies, Inc.",contentpass,,,,,,,,,,,
stadtbranchenbuch.com,germany,n/a,Papoo Software & Media GmbH,contentpass,,,,,,,,,,,
staedte-info.net,germany,n/a,Usercentrics.com,contentpass,,,,,,,,,,,
stark-gegen-schwitzen.de,germany,Health & Medicine,Traffective GmbH,freechoice,,,,,,,,,,,
stern.de,germany,News,"Sourcepoint Technologies, Inc.",n/a,,,,,,,,,,,
stimme.de,germany,News,consentmanager.net,contentpass,,,,,,,,,,,
stol.it,italy,n/a,"Sourcepoint Technologies, Inc.",n/a,,,,,,,,,,,
storage-insider.de,germany,Computers & Technology,consentmanager.net,contentpass,,,,,,,,,,,
studis-online.de,germany,Education,consentmanager.net,contentpass,,,,,,,,,,,
stylebook.de,germany,n/a,Axel Springer Deutschland GmbH,n/a,,,,,,,,,,,
stylevamp.com,germany,Fashion & Beauty,"Sourcepoint Technologies, Inc.",contentpass,,,,,,,,,,,
stylevamp.de,germany,Business,"Sourcepoint Technologies, Inc.",contentpass,,,,,,,,,,,
sudoku-aktuell.de,germany,Leisure & Recreation,consentmanager.net,contentpass,,,,,,,,,,,
sudoku-topical.com,germany,n/a,consentmanager.net,contentpass,,,,,,,,,,,
sudokuzok.de,germany,Unknown,consentmanager.net,n/a,,,,,,,,,,,
sudouest.fr,france,News,Didomi,n/a,,,,,,,,,,,
sueddeutsche.de,germany,News,"Sourcepoint Technologies, Inc.",n/a,,,,,,,,,,,
suedwest24.de,germany,n/a,Traffective GmbH,freechoice,,,,,,,,,,,
supermadame.org,france,Personal Sites,Didomi,n/a,,,,,,,,,,,
surinenglish.com,spain,News,Didomi,contentpass,,,,,,,,,,,
swp.de,germany,News,"Sourcepoint Technologies, Inc.",n/a,,,,,,,,,,,
synonyme.woxikon.de,germany,n/a,"Sourcepoint Technologies, Inc.",n/a,,,,,,,,,,,
t-online.de,germany,Search Engines & Portals,"Sourcepoint Technologies, Inc.",n/a,,,,,,,,,,,
t3n.de,germany,n/a,"Sourcepoint Technologies, Inc.",n/a,,,,,,,,,,,
tageblatt.de,germany,News,consentmanager.net,contentpass,,,,,,,,,,,
tagesspiegel.de,germany,News,"Sourcepoint Technologies, Inc.",contentpass,,,,,,,,,,,
talu.de,germany,Leisure & Recreation,consentmanager.net,contentpass,,,,,,,,,,,
tarnkappe.info,iceland,News,Traffective GmbH,freechoice,,,,,,,,,,,
techbook.de,germany,Computers & Technology,Axel Springer Deutschland GmbH,n/a,,,,,,,,,,,
techniker-forum.de,germany,n/a,"Sourcepoint Technologies, Inc.",n/a,,,,,,,,,,,
tellows.de,germany,Search Engines & Portals,InMobi PTE Ltd,n/a,,,,,,,,,,,
teltarif.de,germany,n/a,consentmanager.net,n/a,,,,,,,,,,,
terrafemina.com,france,News,Didomi,n/a,,,,,,,,,,,
teslamag.de,germany,Transportation,consentmanager.net,contentpass,,,,,,,,,,,
tga.at,austria,Business,consentmanager.net,contentpass,,,,,,,,,,,
thueringen24.de,germany,News,consentmanager.net,contentpass,,,,,,,,,,,
tierchenwelt.de,germany,Leisure & Recreation,consentmanager.net,contentpass,,,,,,,,,,,
tierfans.net,germany,Shopping,"Sourcepoint Technologies, Inc.",contentpass,,,,,,,,,,,
todoalicante.es,spain,Shopping,Didomi,contentpass,,,,,,,,,,,
tomaten.de,germany,n/a,consentmanager.net,contentpass,,,,,,,,,,,
topesdegama.com,spain,n/a,Didomi,n/a,,,,,,,,,,,
topgear.es,eu #country is really world wide,Transportation,"Sourcepoint Technologies, Inc.",contentpass,,,,,,,,,,,
torgranate.de,germany,Sports,Traffective GmbH,freechoice,,,,,,,,,,,
traktuell.at,austria,Computers & Technology,consentmanager.net,contentpass,,,,,,,,,,,
transfermarkt.at,germany,n/a,"Sourcepoint Technologies, Inc.",contentpass,,,,,,,,,,,
transfermarkt.be,germany,Sports,"Sourcepoint Technologies, Inc.",n/a,,,,,,,,,,,
transfermarkt.ch,germany,n/a,"Sourcepoint Technologies, Inc.",contentpass,,,,,,,,,,,
transfermarkt.co,germany,Computers & Technology,"Sourcepoint Technologies, Inc.",contentpass,,,,,,,,,,,
transfermarkt.co.id,germany,n/a,"Sourcepoint Technologies, Inc.",contentpass,,,,,,,,,,,
transfermarkt.co.in,germany,Transportation,"Sourcepoint Technologies, Inc.",contentpass,,,,,,,,,,,
transfermarkt.co.kr,germany,n/a,"Sourcepoint Technologies, Inc.",contentpass,,,,,,,,,,,
transfermarkt.co.uk,germany,Sports,"Sourcepoint Technologies, Inc.",contentpass,,,,,,,,,,,
transfermarkt.co.za,germany,Sports,"Sourcepoint Technologies, Inc.",contentpass,,,,,,,,,,,
transfermarkt.com,germany,Sports,"Sourcepoint Technologies, Inc.",contentpass,,,,,,,,,,,
transfermarkt.com.ar,germany,n/a,"Sourcepoint Technologies, Inc.",contentpass,,,,,,,,,,,
transfermarkt.com.br,germany,n/a,"Sourcepoint Technologies, Inc.",n/a,,,,,,,,,,,
transfermarkt.com.tr,hidden upon user request,Sports,"Sourcepoint Technologies, Inc.",n/a,,,,,,,,,,,
transfermarkt.de,germany,Sports,"Sourcepoint Technologies, Inc.",contentpass,,,,,,,,,,,
transfermarkt.es,germany,Sports,"Sourcepoint Technologies, Inc.",contentpass,,,,,,,,,,,
transfermarkt.fr,hong kong,n/a,"Sourcepoint Technologies, Inc.",contentpass,,,,,,,,,,,
transfermarkt.gr,germany,Sports,"Sourcepoint Technologies, Inc.",contentpass,,,,,,,,,,,
transfermarkt.it,germany,Sports,"Sourcepoint Technologies, Inc.",contentpass,,,,,,,,,,,
transfermarkt.jp,germany,Sports,"Sourcepoint Technologies, Inc.",n/a,,,,,,,,,,,
transfermarkt.mx,germany,n/a,"Sourcepoint Technologies, Inc.",contentpass,,,,,,,,,,,
transfermarkt.nl,germany,n/a,"Sourcepoint Technologies, Inc.",n/a,,,,,,,,,,,
transfermarkt.pe,germany,Sports,"Sourcepoint Technologies, Inc.",contentpass,,,,,,,,,,,
transfermarkt.pl,germany,Leisure & Recreation,"Sourcepoint Technologies, Inc.",n/a,,,,,,,,,,,
transfermarkt.pt,germany,Sports,"Sourcepoint Technologies, Inc.",n/a,,,,,,,,,,,
transfermarkt.ro,germany,n/a,"Sourcepoint Technologies, Inc.",contentpass,,,,,,,,,,,
transfermarkt.tv,germany,n/a,"Sourcepoint Technologies, Inc.",contentpass,,,,,,,,,,,
transfermarkt.us,germany,Sports,"Sourcepoint Technologies, Inc.",contentpass,,,,,,,,,,,
transfermarkt.world,germany,Computers & Technology,"Sourcepoint Technologies, Inc.",n/a,,,,,,,,,,,
transferxl.com,netherlands,Personal Storage,n/a,n/a,,,,,,,,,,,
trauer.infranken.de,germany,News,consentmanager.net,contentpass,,,,,,,,,,,
trauer.kreiszeitung.de,germany,News,Traffective GmbH,freechoice,,,,,,,,,,,
trauer.mainpost.de,germany,News,Usercentrics.com,n/a,,,,,,,,,,,
traum-deutung.de,germany,Education,Traffective GmbH,freechoice,,,,,,,,,,,
travelbook.de,germany,n/a,Axel Springer Deutschland GmbH,n/a,,,,,,,,,,,
trickytine.com,germany,Restaurants & Dining,"Sourcepoint Technologies, Inc.",contentpass,,,,,,,,,,,
trucker.de,germany,Forums & Newsgroups,Usercentrics.com,contentpass,,,,,,,,,,,
tuttobolognaweb.it,italy,Sports,RCS MediaGroup S.p.A.,n/a,,,,,,,,,,,
tv.sport1.de,germany,Sports,"Sourcepoint Technologies, Inc.",n/a,,,,,,,,,,,
tvdigital.de,germany,Entertainment,consentmanager.net,contentpass,,,,,,,,,,,
tvdirekt.de,germany,Entertainment,consentmanager.net,contentpass,,,,,,,,,,,
tvmovie.de,germany,Entertainment,"Sourcepoint Technologies, Inc.",n/a,,,,,,,,,,,
twitterperlen.de,germany,n/a,Traffective GmbH,freechoice,,,,,,,,,,,
tz.de,germany,News,Traffective GmbH,freechoice,,,,,,,,,,,
unnuetzes.com,germany,Entertainment,"Sourcepoint Technologies, Inc.",contentpass,,,,,,,,,,,
unsere-helden.com,germany,Computers & Technology,"Sourcepoint Technologies, Inc.",contentpass,,,,,,,,,,,
unterwegs-auf-der-autobahn.de,germany,Computers & Technology,consentmanager.net,contentpass,,,,,,,,,,,
urbia.de,germany,Health & Medicine,"Sourcepoint Technologies, Inc.",n/a,,,,,,,,,,,
usinger-anzeiger.de,germany,News,Traffective GmbH,freechoice,,,,,,,,,,,
utopia.de,germany,Leisure & Recreation,"Sourcepoint Technologies, Inc.",contentpass,,,,,,,,,,,
uwz.at,austria,n/a,consentmanager.net,contentpass,,,,,,,,,,,
vamosmisevillafc.com,spain,n/a,Traffective GmbH,freechoice,,,,,,,,,,,
verkehrsrundschau.de,germany,News,Usercentrics.com,contentpass,,,,,,,,,,,
versicherungsbote.de,germany,Finance,Papoo Software & Media GmbH,contentpass,,,,,,,,,,,
versicherungsmagazin.de,germany,Finance,OneTrust LLC,contentpass,,,,,,,,,,,
vienna.at,austria,News,OneTrust LLC,n/a,,,,,,,,,,,
violanews.com,italy,n/a,RCS MediaGroup S.p.A.,n/a,,,,,,,,,,,
vision-mobility.de,germany,Computers & Technology,consentmanager.net,contentpass,,,,,,,,,,,
vital-und-gesund.de,germany,Sports,Traffective GmbH,freechoice,,,,,,,,,,,
voici.fr,france,n/a,"Sourcepoint Technologies, Inc.",n/a,,,,,,,,,,,
vol.at,austria,News,OneTrust LLC,n/a,,,,,,,,,,,
volksfest-freising.de,germany,n/a,Traffective GmbH,freechoice,,,,,,,,,,,
volksstimme.de,germany,News,"Sourcepoint Technologies, Inc.",n/a,,,,,,,,,,,
vorname.com,germany,Leisure & Recreation,"Sourcepoint Technologies, Inc.",n/a,,,,,,,,,,,
wa.de,germany,News,Traffective GmbH,freechoice,,,,,,,,,,,
wachtel-wissen.de,germany,Business,Papoo Software & Media GmbH,contentpass,,,,,,,,,,,
wachteln.net,germany,n/a,Papoo Software & Media GmbH,contentpass,,,,,,,,,,,
wahrheitskugel.de,germany,Games,"Sourcepoint Technologies, Inc.",contentpass,,,,,,,,,,,
waller-fangen.de,germany,Personal Sites,Papoo Software & Media GmbH,contentpass,,,,,,,,,,,
wallstreet-online.de,germany,Finance,"Sourcepoint Technologies, Inc.",n/a,,,,,,,,,,,
wasserburg24.de,germany,n/a,Traffective GmbH,freechoice,,,,,,,,,,,
waste-management-world.com,austria,Business,consentmanager.net,contentpass,,,,,,,,,,,
waz-online.de,germany,News,"Sourcepoint Technologies, Inc.",n/a,,,,,,,,,,,
waz.de,germany,News,consentmanager.net,contentpass,,,,,,,,,,,
we-go-wild.com,austria,General,consentmanager.net,contentpass,,,,,,,,,,,
web.de,germany,Search Engines & Portals,1&1 Mail & Media GmbH,n/a,,,,,,,,,,,
welife.es,eu #country is really world wide,Health & Medicine,Didomi,contentpass,,,,,,,,,,,
welt.de,germany,News,Axel Springer Deutschland GmbH,n/a,,,,,,,,,,,
weltderwunder.de,germany,Personal Sites,Traffective GmbH,freechoice,,,,,,,,,,,
wer-weiss-was.de,germany,Education,consentmanager.net,contentpass,,,,,,,,,,,
werkstatt-betrieb.de,germany,Business,OneTrust LLC,contentpass,,,,,,,,,,,
werra-rundschau.de,germany,Leisure & Recreation,Traffective GmbH,freechoice,,,,,,,,,,,
werstreamt.es,eu #country is really world wide,Entertainment,consentmanager.net,contentpass,,,,,,,,,,,
wetter.com,germany,News,wetter.com GmbH,contentpass,,,,,,,,,,,
wetterauer-zeitung.de,germany,News,Traffective GmbH,freechoice,,,,,,,,,,,
wetternrw.org,germany,Business,Papoo Software & Media GmbH,contentpass,,,,,,,,,,,
wetteronline.de,germany,News,"Sourcepoint Technologies, Inc.",n/a,,,,,,,,,,,
wetterprognose-wettervorhersage.de,germany,n/a,Traffective GmbH,freechoice,,,,,,,,,,,
wiesbadener-kurier.de,germany,n/a,consentmanager.net,n/a,,,,,,,,,,,
winfuture.de,germany,Computers & Technology,consentmanager.net,contentpass,,,,,,,,,,,
wir-in-der-praxis.de,germany,Computers & Technology,OneTrust LLC,contentpass,,,,,,,,,,,
wirtschaftslexikon.gabler.de,germany,Business,OneTrust LLC,contentpass,,,,,,,,,,,
wlz-online.de,germany,News,Traffective GmbH,freechoice,,,,,,,,,,,
wmn.de,germany,Business,consentmanager.net,contentpass,,,,,,,,,,,
wochenblatt.de,germany,News,Traffective GmbH,freechoice,,,,,,,,,,,
wohngeldrechner24.de,germany,Health & Medicine,Traffective GmbH,freechoice,,,,,,,,,,,
wohnmobilforum.de,germany,Sports,n/a,n/a,,,,,,,,,,,
womenshealth.de,germany,Health & Medicine,"Sourcepoint Technologies, Inc.",n/a,,,,,,,,,,,
wormser-zeitung.de,germany,Search Engines & Portals,consentmanager.net,n/a,,,,,,,,,,,
wort-suchen.de,germany,Games,"Sourcepoint Technologies, Inc.",n/a,,,,,,,,,,,
wp.de,germany,n/a,consentmanager.net,contentpass,,,,,,,,,,,
wr.de,germany,News,consentmanager.net,contentpass,,,,,,,,,,,
wrestling-infos.de,germany,News,Traffective GmbH,freechoice,,,,,,,,,,,
wunderbunt.de,germany,n/a,consentmanager.net,contentpass,,,,,,,,,,,
wunderweib.de,germany,Leisure & Recreation,"Sourcepoint Technologies, Inc.",n/a,,,,,,,,,,,
wunschliste.de,germany,Entertainment,consentmanager.net,contentpass,,,,,,,,,,,
zecken-und-insektenstiche.de,germany,Computers & Technology,Traffective GmbH,freechoice,,,,,,,,,,,
zeit.de,germany,News,"Sourcepoint Technologies, Inc.",n/a,,,,,,,,,,,
zinseszinsrechner24.de,germany,n/a,Traffective GmbH,freechoice,,,,,,,,,,,